lcavol,lweight,age,lbph,svi,lcp,gleason,pgg45,lpsa,train
-0.579818495,2.769459,50,-1.38629436,0,-1.38629436,6,0,-0.4307829,True
-0.994252273,3.319626,58,-1.38629436,0,-1.38629436,6,0,-0.1625189,True
-0.510825624,2.691243,74,-1.38629436,0,-1.38629436,7,20,-0.1625189,True
-1.203972804,3.282789,58,-1.38629436,0,-1.38629436,6,0,-0.1625189,True
0.751416089,3.432373,62,-1.38629436,0,-1.38629436,6,0,0.3715636,True
